subject,block,accuracy,macro_f1,macro_precision,macro_sensitivity,macro_specificity,dimensions
Data_Sample01,Full_MDRG,0.44,0.4390217367771547,0.46785714285714286,0.44000000000000006,0.86,1656
Data_Sample01,Riemannian_Graph,0.42,0.4219803921568627,0.45499999999999996,0.42000000000000004,0.8550000000000001,1440
Data_Sample01,Spectral_Dynamic_Riemannian,0.36,0.3511345006229917,0.3668040293040293,0.36,0.8400000000000001,1584
Data_Sample01,Riemannian,0.48,0.4817988064791134,0.503021978021978,0.48,0.8700000000000001,1368
Data_Sample01,Static_Spectral,0.36,0.3552368132607734,0.35923409923409927,0.36,0.8400000000000001,144
Data_Sample01,Spectral_Dynamic,0.36,0.3552368132607734,0.35923409923409927,0.36,0.8400000000000001,216
Data_Sample01,Dynamic,0.28,0.2766925231631114,0.29017316017316014,0.27999999999999997,0.82,72
Data_Sample01,Spectral_Dynamic_Graph,0.34,0.33784550891294735,0.34384948384948383,0.33999999999999997,0.835,288
Data_Sample01,Graph,0.2,0.18836507936507937,0.1862121212121212,0.2,0.8,72
Data_Sample02,Full_MDRG,0.24,0.21916159567275187,0.21620300751879698,0.24000000000000005,0.8099999999999999,1656
Data_Sample02,Riemannian_Graph,0.24,0.21113723441309648,0.2026315789473684,0.24000000000000005,0.8100000000000002,1440
Data_Sample02,Spectral_Dynamic_Riemannian,0.26,0.24059290382819798,0.2401875901875902,0.26,0.8149999999999998,1584
Data_Sample02,Riemannian,0.26,0.2430822273701531,0.23968253968253966,0.26,0.8150000000000001,1368
Data_Sample02,Static_Spectral,0.12,0.10555555555555556,0.09642857142857143,0.12,0.78,144
Data_Sample02,Spectral_Dynamic,0.12,0.11625668449197861,0.11523809523809522,0.12000000000000002,0.78,216
Data_Sample02,Dynamic,0.18,0.17300695744631672,0.16965811965811967,0.18000000000000002,0.795,72
Data_Sample02,Spectral_Dynamic_Graph,0.18,0.1579757085020243,0.14472222222222222,0.18,0.795,288
Data_Sample02,Graph,0.18,0.18724082934609249,0.20317460317460317,0.18,0.7949999999999999,72
Data_Sample03,Full_MDRG,0.36,0.3545864661654135,0.3674458874458874,0.36,0.8400000000000001,1656
Data_Sample03,Riemannian_Graph,0.36,0.36298245614035085,0.3834632034632034,0.36,0.8400000000000001,1440
Data_Sample03,Spectral_Dynamic_Riemannian,0.34,0.33696741854636586,0.345021645021645,0.34,0.835,1584
Data_Sample03,Riemannian,0.34,0.3274656502917372,0.3244172494172494,0.34,0.835,1368
Data_Sample03,Static_Spectral,0.32,0.2833221850613155,0.26730769230769236,0.32,0.8299999999999998,144
Data_Sample03,Spectral_Dynamic,0.36,0.35757575757575755,0.3654761904761905,0.36000000000000004,0.8400000000000001,216
Data_Sample03,Dynamic,0.26,0.26215102974828375,0.26632478632478634,0.26,0.8150000000000001,72
Data_Sample03,Spectral_Dynamic_Graph,0.44,0.44653594771241834,0.46952380952380957,0.44000000000000006,0.86,288
Data_Sample03,Graph,0.44,0.4523015873015873,0.4910606060606061,0.44000000000000006,0.86,72
Data_Sample04,Full_MDRG,0.3,0.251501219087426,0.22535087719298247,0.3,0.825,1656
Data_Sample04,Riemannian_Graph,0.32,0.26883753501400565,0.26796536796536796,0.32,0.8299999999999998,1440
Data_Sample04,Spectral_Dynamic_Riemannian,0.3,0.2768253968253968,0.2621212121212121,0.3,0.825,1584
Data_Sample04,Riemannian,0.28,0.25841269841269837,0.24439393939393939,0.27999999999999997,0.82,1368
Data_Sample04,Static_Spectral,0.32,0.3078509553741752,0.3063492063492063,0.31999999999999995,0.8300000000000001,144
Data_Sample04,Spectral_Dynamic,0.34,0.31333333333333335,0.3196969696969697,0.33999999999999997,0.8350000000000002,216
Data_Sample04,Dynamic,0.26,0.26707946336429306,0.28095238095238095,0.26,0.8150000000000001,72
Data_Sample04,Spectral_Dynamic_Graph,0.34,0.30931523378582204,0.3529761904761905,0.34,0.835,288
Data_Sample04,Graph,0.34,0.33348416289592764,0.3464285714285714,0.33999999999999997,0.8350000000000002,72
Data_Sample05,Full_MDRG,0.24,0.24015201046093493,0.25369075369075367,0.24,0.8099999999999999,1656
Data_Sample05,Riemannian_Graph,0.28,0.2735858585858586,0.27809523809523806,0.27999999999999997,0.8200000000000001,1440
Data_Sample05,Spectral_Dynamic_Riemannian,0.26,0.26970833656255655,0.28838827838827835,0.25999999999999995,0.8150000000000001,1584
Data_Sample05,Riemannian,0.26,0.2556493506493506,0.25575757575757574,0.26000000000000006,0.8150000000000001,1368
Data_Sample05,Static_Spectral,0.36,0.3450517598343685,0.34055944055944054,0.36,0.8400000000000001,144
Data_Sample05,Spectral_Dynamic,0.36,0.3617133743449533,0.367020202020202,0.36,0.8400000000000001,216
Data_Sample05,Dynamic,0.24,0.22303030303030305,0.215,0.24,0.8099999999999999,72
Data_Sample05,Spectral_Dynamic_Graph,0.34,0.3302167182662538,0.3295238095238095,0.34,0.835,288
Data_Sample05,Graph,0.24,0.2427128427128427,0.2492424242424242,0.24,0.8099999999999999,72
Data_Sample06,Full_MDRG,0.32,0.3099736864442747,0.3063852813852814,0.32,0.8300000000000001,1656
Data_Sample06,Riemannian_Graph,0.32,0.316390977443609,0.31353535353535356,0.31999999999999995,0.8299999999999998,1440
Data_Sample06,Spectral_Dynamic_Riemannian,0.3,0.2820526315789474,0.2755555555555556,0.3,0.825,1584
Data_Sample06,Riemannian,0.28,0.27734335839599,0.27535353535353535,0.28,0.8200000000000001,1368
Data_Sample06,Static_Spectral,0.24,0.2348511944823696,0.23331113331113335,0.24,0.8100000000000002,144
Data_Sample06,Spectral_Dynamic,0.18,0.17104685296904976,0.1655982905982906,0.18000000000000002,0.7949999999999999,216
Data_Sample06,Dynamic,0.16,0.15427351339809975,0.15629072681704262,0.16,0.79,72
Data_Sample06,Spectral_Dynamic_Graph,0.3,0.3065535214848716,0.328998778998779,0.3,0.825,288
Data_Sample06,Graph,0.22,0.22318854176439315,0.2329365079365079,0.22000000000000003,0.805,72
Data_Sample07,Full_MDRG,0.26,0.24387979170587865,0.23275058275058275,0.26,0.8149999999999998,1656
Data_Sample07,Riemannian_Graph,0.24,0.2306878306878307,0.2334224598930481,0.24,0.8099999999999999,1440
Data_Sample07,Spectral_Dynamic_Riemannian,0.24,0.23728559709983857,0.24273809523809523,0.24,0.8099999999999999,1584
Data_Sample07,Riemannian,0.26,0.2525132275132275,0.2599376114081996,0.26,0.8150000000000001,1368
Data_Sample07,Static_Spectral,0.34,0.33747246905141637,0.33787878787878783,0.34,0.835,144
Data_Sample07,Spectral_Dynamic,0.28,0.2764156768733428,0.2771950271950272,0.28,0.8200000000000001,216
Data_Sample07,Dynamic,0.14,0.14533333333333334,0.16666666666666666,0.13999999999999999,0.7849999999999999,72
Data_Sample07,Spectral_Dynamic_Graph,0.28,0.2815385009839176,0.2885492285492285,0.28,0.82,288
Data_Sample07,Graph,0.24,0.23759468422276336,0.242979242979243,0.24,0.8100000000000002,72
Data_Sample08,Full_MDRG,0.3,0.30656664285147256,0.3248809523809524,0.3,0.825,1656
Data_Sample08,Riemannian_Graph,0.32,0.31981138617294225,0.3269230769230769,0.32,0.8299999999999998,1440
Data_Sample08,Spectral_Dynamic_Riemannian,0.32,0.3226817042606516,0.33225108225108224,0.32,0.8300000000000001,1584
Data_Sample08,Riemannian,0.36,0.3597657244716069,0.3682900432900433,0.36000000000000004,0.8400000000000001,1368
Data_Sample08,Static_Spectral,0.24,0.2397623772855971,0.24908730158730155,0.24,0.8099999999999999,144
Data_Sample08,Spectral_Dynamic,0.22,0.2152432362958679,0.21830808080808078,0.22000000000000003,0.8049999999999999,216
Data_Sample08,Dynamic,0.22,0.219023199023199,0.22954545454545455,0.22000000000000003,0.805,72
Data_Sample08,Spectral_Dynamic_Graph,0.12,0.11104209799861972,0.10531968031968031,0.12000000000000002,0.7799999999999999,288
Data_Sample08,Graph,0.14,0.13689787904621661,0.13767399267399266,0.14,0.7849999999999999,72
Data_Sample09,Full_MDRG,0.26,0.24501831501831503,0.24553030303030304,0.26,0.8150000000000001,1656
Data_Sample09,Riemannian_Graph,0.26,0.2536507936507936,0.2535064935064935,0.26,0.8150000000000001,1440
Data_Sample09,Spectral_Dynamic_Riemannian,0.3,0.2889090909090909,0.29,0.3,0.825,1584
Data_Sample09,Riemannian,0.28,0.27057387057387056,0.27386363636363636,0.27999999999999997,0.82,1368
Data_Sample09,Static_Spectral,0.32,0.31852160044379724,0.32393162393162395,0.32,0.8299999999999998,144
Data_Sample09,Spectral_Dynamic,0.32,0.317012987012987,0.32242424242424245,0.31999999999999995,0.8300000000000001,216
Data_Sample09,Dynamic,0.28,0.2778542510121458,0.29,0.28,0.82,72
Data_Sample09,Spectral_Dynamic_Graph,0.26,0.26090569561157795,0.2699350649350649,0.26,0.8150000000000001,288
Data_Sample09,Graph,0.2,0.18871345029239767,0.1830952380952381,0.2,0.8,72
Data_Sample10,Full_MDRG,0.22,0.21463010324902906,0.2302090066795949,0.21999999999999997,0.8049999999999999,1656
Data_Sample10,Riemannian_Graph,0.22,0.2268684285308326,0.24395604395604392,0.22000000000000003,0.8049999999999999,1440
Data_Sample10,Spectral_Dynamic_Riemannian,0.18,0.18555183946488293,0.21076923076923076,0.18,0.7950000000000002,1584
Data_Sample10,Riemannian,0.24,0.24517391304347824,0.27282051282051284,0.24000000000000005,0.8099999999999999,1368
Data_Sample10,Static_Spectral,0.24,0.23183660130718953,0.23857142857142857,0.24000000000000005,0.8099999999999999,144
Data_Sample10,Spectral_Dynamic,0.14,0.10994152046783626,0.09281045751633986,0.14,0.7849999999999999,216
Data_Sample10,Dynamic,0.14,0.1383333333333333,0.15191919191919195,0.14,0.7849999999999999,72
Data_Sample10,Spectral_Dynamic_Graph,0.24,0.23266139657444002,0.2445787545787546,0.24,0.8099999999999999,288
Data_Sample10,Graph,0.22,0.22368906455862975,0.25234432234432236,0.22000000000000003,0.805,72
Data_Sample11,Full_MDRG,0.32,0.3122823083349399,0.3198232323232323,0.32,0.8300000000000001,1656
Data_Sample11,Riemannian_Graph,0.28,0.2579782790309106,0.2513963161021985,0.27999999999999997,0.82,1440
Data_Sample11,Spectral_Dynamic_Riemannian,0.3,0.27541931752458065,0.260479797979798,0.3,0.825,1584
Data_Sample11,Riemannian,0.28,0.25586187691450846,0.24417706476530004,0.27999999999999997,0.82,1368
Data_Sample11,Static_Spectral,0.2,0.18989321128909228,0.18623321123321124,0.19999999999999998,0.8,144
Data_Sample11,Spectral_Dynamic,0.18,0.16988267770876467,0.16290209790209792,0.18,0.7950000000000002,216
Data_Sample11,Dynamic,0.16,0.14893029675638372,0.14108391608391607,0.16,0.79,72
Data_Sample11,Spectral_Dynamic_Graph,0.2,0.1883107769423559,0.18262626262626264,0.2,0.8,288
Data_Sample11,Graph,0.26,0.2590567327409432,0.26010101010101006,0.26,0.8150000000000001,72
Data_Sample12,Full_MDRG,0.24,0.23617224880382776,0.23444444444444446,0.24000000000000005,0.8099999999999999,1656
Data_Sample12,Riemannian_Graph,0.26,0.24310526315789477,0.23777777777777778,0.26,0.8150000000000001,1440
Data_Sample12,Spectral_Dynamic_Riemannian,0.24,0.23780663780663777,0.2393939393939394,0.24,0.8099999999999999,1584
Data_Sample12,Riemannian,0.22,0.21558620258310662,0.2198412698412698,0.22000000000000003,0.805,1368
Data_Sample12,Static_Spectral,0.28,0.27593582887700535,0.28095238095238095,0.28,0.8200000000000001,144
Data_Sample12,Spectral_Dynamic,0.3,0.2942368742368743,0.3095454545454545,0.30000000000000004,0.825,216
Data_Sample12,Dynamic,0.16,0.16910457963089542,0.20555555555555557,0.16,0.79,72
Data_Sample12,Spectral_Dynamic_Graph,0.28,0.2687107095802748,0.27372960372960375,0.28,0.82,288
Data_Sample12,Graph,0.36,0.3591578947368421,0.38,0.36,0.8399999999999999,72
Data_Sample13,Full_MDRG,0.2,0.20577488439381023,0.21815018315018314,0.2,0.7999999999999999,1656
Data_Sample13,Riemannian_Graph,0.22,0.22633903988056633,0.23791208791208787,0.22000000000000003,0.805,1440
Data_Sample13,Spectral_Dynamic_Riemannian,0.22,0.21874468780647272,0.2188189588189588,0.22000000000000003,0.805,1584
Data_Sample13,Riemannian,0.24,0.24631882737145894,0.25565656565656564,0.24000000000000005,0.8099999999999999,1368
Data_Sample13,Static_Spectral,0.22,0.21824191572475327,0.22094017094017096,0.22000000000000003,0.805,144
Data_Sample13,Spectral_Dynamic,0.2,0.193999491482329,0.2007020757020757,0.2,0.8,216
Data_Sample13,Dynamic,0.16,0.15725252525252525,0.16499999999999998,0.16,0.79,72
Data_Sample13,Spectral_Dynamic_Graph,0.2,0.19033103119790426,0.18968253968253967,0.2,0.8,288
Data_Sample13,Graph,0.14,0.1293167701863354,0.12069930069930071,0.14,0.785,72
Data_Sample14,Full_MDRG,0.3,0.3019674185463659,0.31835497835497834,0.30000000000000004,0.825,1656
Data_Sample14,Riemannian_Graph,0.28,0.2823583959899749,0.3008080808080808,0.28,0.82,1440
Data_Sample14,Spectral_Dynamic_Riemannian,0.28,0.28010936431989064,0.2823232323232323,0.28,0.82,1584
Data_Sample14,Riemannian,0.22,0.21848970251716243,0.21948717948717947,0.22000000000000003,0.8049999999999999,1368
Data_Sample14,Static_Spectral,0.32,0.318078529657477,0.33611111111111114,0.32,0.8299999999999998,144
Data_Sample14,Spectral_Dynamic,0.28,0.2822798116915764,0.3005952380952381,0.27999999999999997,0.82,216
Data_Sample14,Dynamic,0.28,0.28266139657444006,0.3007692307692308,0.28,0.8200000000000001,72
Data_Sample14,Spectral_Dynamic_Graph,0.18,0.17879636703166116,0.1816017316017316,0.18,0.795,288
Data_Sample14,Graph,0.1,0.10038733196627933,0.10151515151515152,0.1,0.775,72
Data_Sample15,Full_MDRG,0.28,0.27087125121180844,0.26865079365079364,0.28,0.82,1656
Data_Sample15,Riemannian_Graph,0.26,0.24262838915470492,0.2338888888888889,0.25999999999999995,0.8150000000000001,1440
Data_Sample15,Spectral_Dynamic_Riemannian,0.26,0.25604591188115217,0.25773115773115773,0.26,0.8150000000000001,1584
Data_Sample15,Riemannian,0.26,0.25434343434343437,0.2533333333333333,0.25999999999999995,0.8150000000000001,1368
Data_Sample15,Static_Spectral,0.36,0.34849122807017546,0.35,0.36,0.8399999999999999,144
Data_Sample15,Spectral_Dynamic,0.3,0.2883398692810458,0.2926190476190476,0.3,0.825,216
Data_Sample15,Dynamic,0.26,0.2605741626794258,0.26222222222222225,0.26,0.8150000000000001,72
Data_Sample15,Spectral_Dynamic_Graph,0.26,0.25247863247863245,0.2575,0.26000000000000006,0.8150000000000001,288
Data_Sample15,Graph,0.18,0.18344497607655502,0.18777777777777777,0.18,0.7949999999999999,72
